{
  "mode": "raw-evdev-cal-v2",
  "profile": "screen-fit-topleft-1024x600-v1",
  "anchor": "topleft-v1",
  "display": [1024, 600],
  "sx": 1.0145462880571579,
  "sxy": 0.01046522451551646,
  "syx": -0.011917978012422892,
  "sy": 1.013616478583013,
  "ox": -13.746023173761872,
  "oy": -9.09696616291931
}
