{
  "mode": "raw-evdev-cal-v2",
  "profile": "screen-fit-topleft-1024x600-v1",
  "anchor": "topleft-v1",
  "display": [
    1024,
    600
  ],
  "sx": -0.006785097626786027,
  "sxy": 1.0152517517384652,
  "syx": 1.0010614975793997,
  "sy": -0.007608058108623732,
  "ox": -4.732332479338004,
  "oy": -0.234765271114888
}
